index,user_file,user_input_url,output_url,garment_url,garment_prompt,garment_type,user_prompt,prompt_used,status,error,prepare_latency_s,tryon_latency_s,total_latency_s
1,d59b4890-cd3b-4863-b7d4-243fbea10610.jpg,https://glamifydevstorage.blob.core.windows.net/wardrobe-outputs/direct-user-inputs-20260408/bbc8e9f7-e6fd-4ea5-a6b5-c4c1af973152.jpg,https://glamifydevstorage.blob.core.windows.net/wardrobe-outputs/57c0f1ee-844c-4142-a91e-1cba53834752.png,https://glamifydevstorage.blob.core.windows.net/wardrobe-outputs/1e1009b9-21cf-42aa-8ec5-d65e65622acb.png,"This garment is a fitted, short-sleeved dress with a structured bodice and a short skirt. The bodice features a sweetheart neckline with a central vertical seam that extends down the front, flanked by two angled seams converging at the waist, creating a corset-like silhouette. The front closure consists of five large, round, gold-toned buttons arranged vertically along the central seam. The sleeves are short and capped, with a slight flare at the hem, and are attached to the bodice with shoulder seams that extend from the neckline to the sleeve cap. The shoulder layout includes a square neckline with a straight upper edge, bordered by a narrow band of fabric that forms a slight V-shape at the center front. The waist transition is defined by a series of vertical seams that contour the torso, enhancing the fitted shape. The skirt is constructed from the same material as the bodice, with a smooth, continuous flow from the waist to the hem, which ends above the knee. The fabric exhibits a textured pattern resembling reptile skin, with visible grain lines running vertically along the bodice and skirt. The dress appears to be made from a structured, possibly leather-like material with a slight sheen. There are no visible boning, lining, or additional trims beyond the buttons and the subtle texture of the fabric.",dress,A young woman with blonde shoulder-length wavy hair and curvy body build.,"TRYON A young woman with blonde shoulder-length wavy hair and curvy body build. Replace the entire outfit completely with This garment is a fitted, short-sleeved dress with a structured bodice and a short skirt. The bodice features a sweetheart neckline with a central vertical seam that extends down the front, flanked by two angled seams converging at the waist, creating a corset-like silhouette. The front closure consists of five large, round, gold-toned buttons arranged vertically along the central seam. The sleeves are short and capped, with a slight flare at the hem, and are attached to the bodice with shoulder seams that extend from the neckline to the sleeve cap. The shoulder layout includes a square neckline with a straight upper edge, bordered by a narrow band of fabric that forms a slight V-shape at the center front. The waist transition is defined by a series of vertical seams that contour the torso, enhancing the fitted shape. The skirt is constructed from the same material as the bodice, with a smooth, continuous flow from the waist to the hem, which ends above the knee. The fabric exhibits a textured pattern resembling reptile skin, with visible grain lines running vertically along the bodice and skirt. The dress appears to be made from a structured, possibly leather-like material with a slight sheen. There are no visible boning, lining, or additional trims beyond the buttons and the subtle texture of the fabric. as shown in the reference image. Strictly keep the same face, body measurements, hair color, eye directions, exact foot wear, same accessories and preserve strict body pose. Preserve the exact subject scale and framing from the original image; do not zoom, crop, or change camera distance. Generate a hyper realistic virtual tryon. The final image is a full body shot.",success,,0.0,8.071840047836304,104.25532245635986
2,image.jpg,https://glamifydevstorage.blob.core.windows.net/wardrobe-outputs/direct-user-inputs-20260408/71541a6b-fcae-430e-8b74-6eacbeb98104.jpg,https://glamifydevstorage.blob.core.windows.net/wardrobe-outputs/dd3f16f0-389e-42c9-926f-9145ad807ac1.png,https://glamifydevstorage.blob.core.windows.net/wardrobe-outputs/1e1009b9-21cf-42aa-8ec5-d65e65622acb.png,"This garment is a fitted, short-sleeved dress with a structured bodice and a short skirt. The bodice features a sweetheart neckline with a central vertical seam that extends down the front, flanked by two angled seams converging at the waist, creating a corset-like silhouette. The front closure consists of five large, round, gold-toned buttons arranged vertically along the central seam. The sleeves are short and capped, with a slight flare at the hem, and are attached to the bodice with shoulder seams that extend from the neckline to the sleeve cap. The shoulder layout includes a square neckline with a straight upper edge, bordered by a narrow band of fabric that forms a slight V-shape at the center front. The waist transition is defined by a series of vertical seams that contour the torso, enhancing the fitted shape. The skirt is constructed from the same material as the bodice, with a smooth, continuous flow from the waist to the hem, which ends above the knee. The fabric exhibits a textured pattern resembling reptile skin, with visible grain lines running vertically along the bodice and skirt. The dress appears to be made from a structured, possibly leather-like material with a slight sheen. There are no visible boning, lining, or additional trims beyond the buttons and the subtle texture of the fabric.",dress,An adult woman with blonde shoulder-length wavy hair and curvy body build.,"TRYON An adult woman with blonde shoulder-length wavy hair and curvy body build. Replace the entire outfit completely with This garment is a fitted, short-sleeved dress with a structured bodice and a short skirt. The bodice features a sweetheart neckline with a central vertical seam that extends down the front, flanked by two angled seams converging at the waist, creating a corset-like silhouette. The front closure consists of five large, round, gold-toned buttons arranged vertically along the central seam. The sleeves are short and capped, with a slight flare at the hem, and are attached to the bodice with shoulder seams that extend from the neckline to the sleeve cap. The shoulder layout includes a square neckline with a straight upper edge, bordered by a narrow band of fabric that forms a slight V-shape at the center front. The waist transition is defined by a series of vertical seams that contour the torso, enhancing the fitted shape. The skirt is constructed from the same material as the bodice, with a smooth, continuous flow from the waist to the hem, which ends above the knee. The fabric exhibits a textured pattern resembling reptile skin, with visible grain lines running vertically along the bodice and skirt. The dress appears to be made from a structured, possibly leather-like material with a slight sheen. There are no visible boning, lining, or additional trims beyond the buttons and the subtle texture of the fabric. as shown in the reference image. Strictly keep the same face, body measurements, hair color, eye directions, exact foot wear, same accessories and preserve strict body pose. Preserve the exact subject scale and framing from the original image; do not zoom, crop, or change camera distance. Generate a hyper realistic virtual tryon. The final image is a full body shot.",success,,0.0,5.820694208145142,9.593822240829468
3,pexels-2997777-4838042.jpg,https://glamifydevstorage.blob.core.windows.net/wardrobe-outputs/direct-user-inputs-20260408/9170ccbb-8f1b-48c9-8ae3-c3a9c2cc5f0a.jpg,https://glamifydevstorage.blob.core.windows.net/wardrobe-outputs/6bcd0f47-cb87-4eae-9c1e-972b31a38d36.png,https://glamifydevstorage.blob.core.windows.net/wardrobe-outputs/1e1009b9-21cf-42aa-8ec5-d65e65622acb.png,"This garment is a fitted, short-sleeved dress with a structured bodice and a short skirt. The bodice features a sweetheart neckline with a central vertical seam that extends down the front, flanked by two angled seams converging at the waist, creating a corset-like silhouette. The front closure consists of five large, round, gold-toned buttons arranged vertically along the central seam. The sleeves are short and capped, with a slight flare at the hem, and are attached to the bodice with shoulder seams that extend from the neckline to the sleeve cap. The shoulder layout includes a square neckline with a straight upper edge, bordered by a narrow band of fabric that forms a slight V-shape at the center front. The waist transition is defined by a series of vertical seams that contour the torso, enhancing the fitted shape. The skirt is constructed from the same material as the bodice, with a smooth, continuous flow from the waist to the hem, which ends above the knee. The fabric exhibits a textured pattern resembling reptile skin, with visible grain lines running vertically along the bodice and skirt. The dress appears to be made from a structured, possibly leather-like material with a slight sheen. There are no visible boning, lining, or additional trims beyond the buttons and the subtle texture of the fabric.",dress,A young woman with blonde long smooth hair and slim body build.,"TRYON A young woman with blonde long smooth hair and slim body build. Replace the entire outfit completely with This garment is a fitted, short-sleeved dress with a structured bodice and a short skirt. The bodice features a sweetheart neckline with a central vertical seam that extends down the front, flanked by two angled seams converging at the waist, creating a corset-like silhouette. The front closure consists of five large, round, gold-toned buttons arranged vertically along the central seam. The sleeves are short and capped, with a slight flare at the hem, and are attached to the bodice with shoulder seams that extend from the neckline to the sleeve cap. The shoulder layout includes a square neckline with a straight upper edge, bordered by a narrow band of fabric that forms a slight V-shape at the center front. The waist transition is defined by a series of vertical seams that contour the torso, enhancing the fitted shape. The skirt is constructed from the same material as the bodice, with a smooth, continuous flow from the waist to the hem, which ends above the knee. The fabric exhibits a textured pattern resembling reptile skin, with visible grain lines running vertically along the bodice and skirt. The dress appears to be made from a structured, possibly leather-like material with a slight sheen. There are no visible boning, lining, or additional trims beyond the buttons and the subtle texture of the fabric. as shown in the reference image. Strictly keep the same face, body measurements, hair color, eye directions, exact foot wear, same accessories and preserve strict body pose. Preserve the exact subject scale and framing from the original image; do not zoom, crop, or change camera distance. Generate a hyper realistic virtual tryon. The final image is a full body shot.",success,,0.0,8.089915990829468,13.105053663253784
4,pexels-38711587-7208431.jpg,https://glamifydevstorage.blob.core.windows.net/wardrobe-outputs/direct-user-inputs-20260408/092fa9b5-82fc-4216-bf2a-cf84c600483e.jpg,https://glamifydevstorage.blob.core.windows.net/wardrobe-outputs/78e00351-5911-466d-a1bd-cf3142926c28.png,https://glamifydevstorage.blob.core.windows.net/wardrobe-outputs/1e1009b9-21cf-42aa-8ec5-d65e65622acb.png,"This garment is a fitted, short-sleeved dress with a structured bodice and a short skirt. The bodice features a sweetheart neckline with a central vertical seam that extends down the front, flanked by two angled seams converging at the waist, creating a corset-like silhouette. The front closure consists of five large, round, gold-toned buttons arranged vertically along the central seam. The sleeves are short and capped, with a slight flare at the hem, and are attached to the bodice with shoulder seams that extend from the neckline to the sleeve cap. The shoulder layout includes a square neckline with a straight upper edge, bordered by a narrow band of fabric that forms a slight V-shape at the center front. The waist transition is defined by a series of vertical seams that contour the torso, enhancing the fitted shape. The skirt is constructed from the same material as the bodice, with a smooth, continuous flow from the waist to the hem, which ends above the knee. The fabric exhibits a textured pattern resembling reptile skin, with visible grain lines running vertically along the bodice and skirt. The dress appears to be made from a structured, possibly leather-like material with a slight sheen. There are no visible boning, lining, or additional trims beyond the buttons and the subtle texture of the fabric.",dress,A young woman with black long smooth hair and slim body build.,"TRYON A young woman with black long smooth hair and slim body build. Replace the entire outfit completely with This garment is a fitted, short-sleeved dress with a structured bodice and a short skirt. The bodice features a sweetheart neckline with a central vertical seam that extends down the front, flanked by two angled seams converging at the waist, creating a corset-like silhouette. The front closure consists of five large, round, gold-toned buttons arranged vertically along the central seam. The sleeves are short and capped, with a slight flare at the hem, and are attached to the bodice with shoulder seams that extend from the neckline to the sleeve cap. The shoulder layout includes a square neckline with a straight upper edge, bordered by a narrow band of fabric that forms a slight V-shape at the center front. The waist transition is defined by a series of vertical seams that contour the torso, enhancing the fitted shape. The skirt is constructed from the same material as the bodice, with a smooth, continuous flow from the waist to the hem, which ends above the knee. The fabric exhibits a textured pattern resembling reptile skin, with visible grain lines running vertically along the bodice and skirt. The dress appears to be made from a structured, possibly leather-like material with a slight sheen. There are no visible boning, lining, or additional trims beyond the buttons and the subtle texture of the fabric. as shown in the reference image. Strictly keep the same face, body measurements, hair color, eye directions, exact foot wear, same accessories and preserve strict body pose. Preserve the exact subject scale and framing from the original image; do not zoom, crop, or change camera distance. Generate a hyper realistic virtual tryon. The final image is a full body shot.",success,,0.0,8.089747428894043,12.679908752441406
5,pexels-48518676-7572653.jpg,https://glamifydevstorage.blob.core.windows.net/wardrobe-outputs/direct-user-inputs-20260408/f0bfc8ab-77c0-430c-973e-a8f382383eca.jpg,https://glamifydevstorage.blob.core.windows.net/wardrobe-outputs/8528fe0f-e656-4d39-82ad-378a2c5c2d98.png,https://glamifydevstorage.blob.core.windows.net/wardrobe-outputs/1e1009b9-21cf-42aa-8ec5-d65e65622acb.png,"This garment is a fitted, short-sleeved dress with a structured bodice and a short skirt. The bodice features a sweetheart neckline with a central vertical seam that extends down the front, flanked by two angled seams converging at the waist, creating a corset-like silhouette. The front closure consists of five large, round, gold-toned buttons arranged vertically along the central seam. The sleeves are short and capped, with a slight flare at the hem, and are attached to the bodice with shoulder seams that extend from the neckline to the sleeve cap. The shoulder layout includes a square neckline with a straight upper edge, bordered by a narrow band of fabric that forms a slight V-shape at the center front. The waist transition is defined by a series of vertical seams that contour the torso, enhancing the fitted shape. The skirt is constructed from the same material as the bodice, with a smooth, continuous flow from the waist to the hem, which ends above the knee. The fabric exhibits a textured pattern resembling reptile skin, with visible grain lines running vertically along the bodice and skirt. The dress appears to be made from a structured, possibly leather-like material with a slight sheen. There are no visible boning, lining, or additional trims beyond the buttons and the subtle texture of the fabric.",dress,An adult woman with black long curly hair and slim body build.,"TRYON An adult woman with black long curly hair and slim body build. Replace the entire outfit completely with This garment is a fitted, short-sleeved dress with a structured bodice and a short skirt. The bodice features a sweetheart neckline with a central vertical seam that extends down the front, flanked by two angled seams converging at the waist, creating a corset-like silhouette. The front closure consists of five large, round, gold-toned buttons arranged vertically along the central seam. The sleeves are short and capped, with a slight flare at the hem, and are attached to the bodice with shoulder seams that extend from the neckline to the sleeve cap. The shoulder layout includes a square neckline with a straight upper edge, bordered by a narrow band of fabric that forms a slight V-shape at the center front. The waist transition is defined by a series of vertical seams that contour the torso, enhancing the fitted shape. The skirt is constructed from the same material as the bodice, with a smooth, continuous flow from the waist to the hem, which ends above the knee. The fabric exhibits a textured pattern resembling reptile skin, with visible grain lines running vertically along the bodice and skirt. The dress appears to be made from a structured, possibly leather-like material with a slight sheen. There are no visible boning, lining, or additional trims beyond the buttons and the subtle texture of the fabric. as shown in the reference image. Strictly keep the same face, body measurements, hair color, eye directions, exact foot wear, same accessories and preserve strict body pose. Preserve the exact subject scale and framing from the original image; do not zoom, crop, or change camera distance. Generate a hyper realistic virtual tryon. The final image is a full body shot.",success,,0.0,8.167707443237305,12.931467533111572
6,pexels-_ofarias-g-530112232-16986947.jpg,https://glamifydevstorage.blob.core.windows.net/wardrobe-outputs/direct-user-inputs-20260408/87b34d9b-9de7-4ce5-abb9-7b5c2b66f956.jpg,https://glamifydevstorage.blob.core.windows.net/wardrobe-outputs/5c96bda0-7dbb-4cbf-84a0-9256294f67ba.png,https://glamifydevstorage.blob.core.windows.net/wardrobe-outputs/1e1009b9-21cf-42aa-8ec5-d65e65622acb.png,"This garment is a fitted, short-sleeved dress with a structured bodice and a short skirt. The bodice features a sweetheart neckline with a central vertical seam that extends down the front, flanked by two angled seams converging at the waist, creating a corset-like silhouette. The front closure consists of five large, round, gold-toned buttons arranged vertically along the central seam. The sleeves are short and capped, with a slight flare at the hem, and are attached to the bodice with shoulder seams that extend from the neckline to the sleeve cap. The shoulder layout includes a square neckline with a straight upper edge, bordered by a narrow band of fabric that forms a slight V-shape at the center front. The waist transition is defined by a series of vertical seams that contour the torso, enhancing the fitted shape. The skirt is constructed from the same material as the bodice, with a smooth, continuous flow from the waist to the hem, which ends above the knee. The fabric exhibits a textured pattern resembling reptile skin, with visible grain lines running vertically along the bodice and skirt. The dress appears to be made from a structured, possibly leather-like material with a slight sheen. There are no visible boning, lining, or additional trims beyond the buttons and the subtle texture of the fabric.",dress,A young woman with brown long smooth hair and curvy body build.,"TRYON A young woman with brown long smooth hair and curvy body build. Replace the entire outfit completely with This garment is a fitted, short-sleeved dress with a structured bodice and a short skirt. The bodice features a sweetheart neckline with a central vertical seam that extends down the front, flanked by two angled seams converging at the waist, creating a corset-like silhouette. The front closure consists of five large, round, gold-toned buttons arranged vertically along the central seam. The sleeves are short and capped, with a slight flare at the hem, and are attached to the bodice with shoulder seams that extend from the neckline to the sleeve cap. The shoulder layout includes a square neckline with a straight upper edge, bordered by a narrow band of fabric that forms a slight V-shape at the center front. The waist transition is defined by a series of vertical seams that contour the torso, enhancing the fitted shape. The skirt is constructed from the same material as the bodice, with a smooth, continuous flow from the waist to the hem, which ends above the knee. The fabric exhibits a textured pattern resembling reptile skin, with visible grain lines running vertically along the bodice and skirt. The dress appears to be made from a structured, possibly leather-like material with a slight sheen. There are no visible boning, lining, or additional trims beyond the buttons and the subtle texture of the fabric. as shown in the reference image. Strictly keep the same face, body measurements, hair color, eye directions, exact foot wear, same accessories and preserve strict body pose. Preserve the exact subject scale and framing from the original image; do not zoom, crop, or change camera distance. Generate a hyper realistic virtual tryon. The final image is a full body shot.",success,,0.0,8.090968132019043,12.92217230796814
7,pexels-adhen-wijaya-kusuma-229756871-12493913.jpg,https://glamifydevstorage.blob.core.windows.net/wardrobe-outputs/direct-user-inputs-20260408/204507bc-4b3f-43f7-ae8d-91655edfcefa.jpg,https://glamifydevstorage.blob.core.windows.net/wardrobe-outputs/8aecbb44-22bb-4d46-8c37-a41c51c1ad4f.png,https://glamifydevstorage.blob.core.windows.net/wardrobe-outputs/1e1009b9-21cf-42aa-8ec5-d65e65622acb.png,"This garment is a fitted, short-sleeved dress with a structured bodice and a short skirt. The bodice features a sweetheart neckline with a central vertical seam that extends down the front, flanked by two angled seams converging at the waist, creating a corset-like silhouette. The front closure consists of five large, round, gold-toned buttons arranged vertically along the central seam. The sleeves are short and capped, with a slight flare at the hem, and are attached to the bodice with shoulder seams that extend from the neckline to the sleeve cap. The shoulder layout includes a square neckline with a straight upper edge, bordered by a narrow band of fabric that forms a slight V-shape at the center front. The waist transition is defined by a series of vertical seams that contour the torso, enhancing the fitted shape. The skirt is constructed from the same material as the bodice, with a smooth, continuous flow from the waist to the hem, which ends above the knee. The fabric exhibits a textured pattern resembling reptile skin, with visible grain lines running vertically along the bodice and skirt. The dress appears to be made from a structured, possibly leather-like material with a slight sheen. There are no visible boning, lining, or additional trims beyond the buttons and the subtle texture of the fabric.",dress,A young woman with dark long wavy hair and slim body build.,"TRYON A young woman with dark long wavy hair and slim body build. Replace the entire outfit completely with This garment is a fitted, short-sleeved dress with a structured bodice and a short skirt. The bodice features a sweetheart neckline with a central vertical seam that extends down the front, flanked by two angled seams converging at the waist, creating a corset-like silhouette. The front closure consists of five large, round, gold-toned buttons arranged vertically along the central seam. The sleeves are short and capped, with a slight flare at the hem, and are attached to the bodice with shoulder seams that extend from the neckline to the sleeve cap. The shoulder layout includes a square neckline with a straight upper edge, bordered by a narrow band of fabric that forms a slight V-shape at the center front. The waist transition is defined by a series of vertical seams that contour the torso, enhancing the fitted shape. The skirt is constructed from the same material as the bodice, with a smooth, continuous flow from the waist to the hem, which ends above the knee. The fabric exhibits a textured pattern resembling reptile skin, with visible grain lines running vertically along the bodice and skirt. The dress appears to be made from a structured, possibly leather-like material with a slight sheen. There are no visible boning, lining, or additional trims beyond the buttons and the subtle texture of the fabric. as shown in the reference image. Strictly keep the same face, body measurements, hair color, eye directions, exact foot wear, same accessories and preserve strict body pose. Preserve the exact subject scale and framing from the original image; do not zoom, crop, or change camera distance. Generate a hyper realistic virtual tryon. The final image is a full body shot.",success,,0.0,8.09232759475708,13.257021427154541
8,pexels-alan-garzon-180446366-11201615.jpg,https://glamifydevstorage.blob.core.windows.net/wardrobe-outputs/direct-user-inputs-20260408/7419b89a-6274-40a8-b045-78307ae81f6a.jpg,https://glamifydevstorage.blob.core.windows.net/wardrobe-outputs/6b4bf52a-f127-4ae9-928c-fa6ca4b18ca6.png,https://glamifydevstorage.blob.core.windows.net/wardrobe-outputs/1e1009b9-21cf-42aa-8ec5-d65e65622acb.png,"This garment is a fitted, short-sleeved dress with a structured bodice and a short skirt. The bodice features a sweetheart neckline with a central vertical seam that extends down the front, flanked by two angled seams converging at the waist, creating a corset-like silhouette. The front closure consists of five large, round, gold-toned buttons arranged vertically along the central seam. The sleeves are short and capped, with a slight flare at the hem, and are attached to the bodice with shoulder seams that extend from the neckline to the sleeve cap. The shoulder layout includes a square neckline with a straight upper edge, bordered by a narrow band of fabric that forms a slight V-shape at the center front. The waist transition is defined by a series of vertical seams that contour the torso, enhancing the fitted shape. The skirt is constructed from the same material as the bodice, with a smooth, continuous flow from the waist to the hem, which ends above the knee. The fabric exhibits a textured pattern resembling reptile skin, with visible grain lines running vertically along the bodice and skirt. The dress appears to be made from a structured, possibly leather-like material with a slight sheen. There are no visible boning, lining, or additional trims beyond the buttons and the subtle texture of the fabric.",dress,A young woman with brown medium wavy hair and slim body build.,"TRYON A young woman with brown medium wavy hair and slim body build. Replace the entire outfit completely with This garment is a fitted, short-sleeved dress with a structured bodice and a short skirt. The bodice features a sweetheart neckline with a central vertical seam that extends down the front, flanked by two angled seams converging at the waist, creating a corset-like silhouette. The front closure consists of five large, round, gold-toned buttons arranged vertically along the central seam. The sleeves are short and capped, with a slight flare at the hem, and are attached to the bodice with shoulder seams that extend from the neckline to the sleeve cap. The shoulder layout includes a square neckline with a straight upper edge, bordered by a narrow band of fabric that forms a slight V-shape at the center front. The waist transition is defined by a series of vertical seams that contour the torso, enhancing the fitted shape. The skirt is constructed from the same material as the bodice, with a smooth, continuous flow from the waist to the hem, which ends above the knee. The fabric exhibits a textured pattern resembling reptile skin, with visible grain lines running vertically along the bodice and skirt. The dress appears to be made from a structured, possibly leather-like material with a slight sheen. There are no visible boning, lining, or additional trims beyond the buttons and the subtle texture of the fabric. as shown in the reference image. Strictly keep the same face, body measurements, hair color, eye directions, exact foot wear, same accessories and preserve strict body pose. Preserve the exact subject scale and framing from the original image; do not zoom, crop, or change camera distance. Generate a hyper realistic virtual tryon. The final image is a full body shot.",success,,0.0,8.09654951095581,13.0509774684906
9,pexels-alan-garzon-180446366-11201618.jpg,https://glamifydevstorage.blob.core.windows.net/wardrobe-outputs/direct-user-inputs-20260408/d339d410-ff58-464d-9c78-7bbac57c49f6.jpg,https://glamifydevstorage.blob.core.windows.net/wardrobe-outputs/20578b6f-be2a-426b-8d77-22c23240b2b7.png,https://glamifydevstorage.blob.core.windows.net/wardrobe-outputs/1e1009b9-21cf-42aa-8ec5-d65e65622acb.png,"This garment is a fitted, short-sleeved dress with a structured bodice and a short skirt. The bodice features a sweetheart neckline with a central vertical seam that extends down the front, flanked by two angled seams converging at the waist, creating a corset-like silhouette. The front closure consists of five large, round, gold-toned buttons arranged vertically along the central seam. The sleeves are short and capped, with a slight flare at the hem, and are attached to the bodice with shoulder seams that extend from the neckline to the sleeve cap. The shoulder layout includes a square neckline with a straight upper edge, bordered by a narrow band of fabric that forms a slight V-shape at the center front. The waist transition is defined by a series of vertical seams that contour the torso, enhancing the fitted shape. The skirt is constructed from the same material as the bodice, with a smooth, continuous flow from the waist to the hem, which ends above the knee. The fabric exhibits a textured pattern resembling reptile skin, with visible grain lines running vertically along the bodice and skirt. The dress appears to be made from a structured, possibly leather-like material with a slight sheen. There are no visible boning, lining, or additional trims beyond the buttons and the subtle texture of the fabric.",dress,A young girl with brown medium wavy hair and slim body build.,"TRYON A young girl with brown medium wavy hair and slim body build. Replace the entire outfit completely with This garment is a fitted, short-sleeved dress with a structured bodice and a short skirt. The bodice features a sweetheart neckline with a central vertical seam that extends down the front, flanked by two angled seams converging at the waist, creating a corset-like silhouette. The front closure consists of five large, round, gold-toned buttons arranged vertically along the central seam. The sleeves are short and capped, with a slight flare at the hem, and are attached to the bodice with shoulder seams that extend from the neckline to the sleeve cap. The shoulder layout includes a square neckline with a straight upper edge, bordered by a narrow band of fabric that forms a slight V-shape at the center front. The waist transition is defined by a series of vertical seams that contour the torso, enhancing the fitted shape. The skirt is constructed from the same material as the bodice, with a smooth, continuous flow from the waist to the hem, which ends above the knee. The fabric exhibits a textured pattern resembling reptile skin, with visible grain lines running vertically along the bodice and skirt. The dress appears to be made from a structured, possibly leather-like material with a slight sheen. There are no visible boning, lining, or additional trims beyond the buttons and the subtle texture of the fabric. as shown in the reference image. Strictly keep the same face, body measurements, hair color, eye directions, exact foot wear, same accessories and preserve strict body pose. Preserve the exact subject scale and framing from the original image; do not zoom, crop, or change camera distance. Generate a hyper realistic virtual tryon. The final image is a full body shot.",success,,0.0,8.092097043991089,13.05772089958191
10,pexels-alan-garzon-180446366-11201761.jpg,https://glamifydevstorage.blob.core.windows.net/wardrobe-outputs/direct-user-inputs-20260408/64724871-c9cd-4b03-a22f-5e52816f9957.jpg,https://glamifydevstorage.blob.core.windows.net/wardrobe-outputs/7584f9b2-8450-41a7-9bd9-e8748d964d53.png,https://glamifydevstorage.blob.core.windows.net/wardrobe-outputs/1e1009b9-21cf-42aa-8ec5-d65e65622acb.png,"This garment is a fitted, short-sleeved dress with a structured bodice and a short skirt. The bodice features a sweetheart neckline with a central vertical seam that extends down the front, flanked by two angled seams converging at the waist, creating a corset-like silhouette. The front closure consists of five large, round, gold-toned buttons arranged vertically along the central seam. The sleeves are short and capped, with a slight flare at the hem, and are attached to the bodice with shoulder seams that extend from the neckline to the sleeve cap. The shoulder layout includes a square neckline with a straight upper edge, bordered by a narrow band of fabric that forms a slight V-shape at the center front. The waist transition is defined by a series of vertical seams that contour the torso, enhancing the fitted shape. The skirt is constructed from the same material as the bodice, with a smooth, continuous flow from the waist to the hem, which ends above the knee. The fabric exhibits a textured pattern resembling reptile skin, with visible grain lines running vertically along the bodice and skirt. The dress appears to be made from a structured, possibly leather-like material with a slight sheen. There are no visible boning, lining, or additional trims beyond the buttons and the subtle texture of the fabric.",dress,A young girl with brown medium curly hair and slim body build.,"TRYON A young girl with brown medium curly hair and slim body build. Replace the entire outfit completely with This garment is a fitted, short-sleeved dress with a structured bodice and a short skirt. The bodice features a sweetheart neckline with a central vertical seam that extends down the front, flanked by two angled seams converging at the waist, creating a corset-like silhouette. The front closure consists of five large, round, gold-toned buttons arranged vertically along the central seam. The sleeves are short and capped, with a slight flare at the hem, and are attached to the bodice with shoulder seams that extend from the neckline to the sleeve cap. The shoulder layout includes a square neckline with a straight upper edge, bordered by a narrow band of fabric that forms a slight V-shape at the center front. The waist transition is defined by a series of vertical seams that contour the torso, enhancing the fitted shape. The skirt is constructed from the same material as the bodice, with a smooth, continuous flow from the waist to the hem, which ends above the knee. The fabric exhibits a textured pattern resembling reptile skin, with visible grain lines running vertically along the bodice and skirt. The dress appears to be made from a structured, possibly leather-like material with a slight sheen. There are no visible boning, lining, or additional trims beyond the buttons and the subtle texture of the fabric. as shown in the reference image. Strictly keep the same face, body measurements, hair color, eye directions, exact foot wear, same accessories and preserve strict body pose. Preserve the exact subject scale and framing from the original image; do not zoom, crop, or change camera distance. Generate a hyper realistic virtual tryon. The final image is a full body shot.",success,,0.0,8.091901302337646,13.289905071258545
11,pexels-aminnaderloei-31897926.jpg,https://glamifydevstorage.blob.core.windows.net/wardrobe-outputs/direct-user-inputs-20260408/59462e76-5389-4467-83b6-87e4e17a4db2.jpg,https://glamifydevstorage.blob.core.windows.net/wardrobe-outputs/c792c0f0-a839-479c-b4e2-669484b6d554.png,https://glamifydevstorage.blob.core.windows.net/wardrobe-outputs/1e1009b9-21cf-42aa-8ec5-d65e65622acb.png,"This garment is a fitted, short-sleeved dress with a structured bodice and a short skirt. The bodice features a sweetheart neckline with a central vertical seam that extends down the front, flanked by two angled seams converging at the waist, creating a corset-like silhouette. The front closure consists of five large, round, gold-toned buttons arranged vertically along the central seam. The sleeves are short and capped, with a slight flare at the hem, and are attached to the bodice with shoulder seams that extend from the neckline to the sleeve cap. The shoulder layout includes a square neckline with a straight upper edge, bordered by a narrow band of fabric that forms a slight V-shape at the center front. The waist transition is defined by a series of vertical seams that contour the torso, enhancing the fitted shape. The skirt is constructed from the same material as the bodice, with a smooth, continuous flow from the waist to the hem, which ends above the knee. The fabric exhibits a textured pattern resembling reptile skin, with visible grain lines running vertically along the bodice and skirt. The dress appears to be made from a structured, possibly leather-like material with a slight sheen. There are no visible boning, lining, or additional trims beyond the buttons and the subtle texture of the fabric.",dress,A young woman with black long smooth hair and slim body build.,"TRYON A young woman with black long smooth hair and slim body build. Replace the entire outfit completely with This garment is a fitted, short-sleeved dress with a structured bodice and a short skirt. The bodice features a sweetheart neckline with a central vertical seam that extends down the front, flanked by two angled seams converging at the waist, creating a corset-like silhouette. The front closure consists of five large, round, gold-toned buttons arranged vertically along the central seam. The sleeves are short and capped, with a slight flare at the hem, and are attached to the bodice with shoulder seams that extend from the neckline to the sleeve cap. The shoulder layout includes a square neckline with a straight upper edge, bordered by a narrow band of fabric that forms a slight V-shape at the center front. The waist transition is defined by a series of vertical seams that contour the torso, enhancing the fitted shape. The skirt is constructed from the same material as the bodice, with a smooth, continuous flow from the waist to the hem, which ends above the knee. The fabric exhibits a textured pattern resembling reptile skin, with visible grain lines running vertically along the bodice and skirt. The dress appears to be made from a structured, possibly leather-like material with a slight sheen. There are no visible boning, lining, or additional trims beyond the buttons and the subtle texture of the fabric. as shown in the reference image. Strictly keep the same face, body measurements, hair color, eye directions, exact foot wear, same accessories and preserve strict body pose. Preserve the exact subject scale and framing from the original image; do not zoom, crop, or change camera distance. Generate a hyper realistic virtual tryon. The final image is a full body shot.",success,,0.0,8.091047048568726,12.844457626342773
12,pexels-amit-chowdhury-2402860-11796004.jpg,https://glamifydevstorage.blob.core.windows.net/wardrobe-outputs/direct-user-inputs-20260408/ab971f21-a4e6-4202-b91a-43a284750c6e.jpg,https://glamifydevstorage.blob.core.windows.net/wardrobe-outputs/c80498c4-17d2-4c16-825a-a42223ad556b.png,https://glamifydevstorage.blob.core.windows.net/wardrobe-outputs/1e1009b9-21cf-42aa-8ec5-d65e65622acb.png,"This garment is a fitted, short-sleeved dress with a structured bodice and a short skirt. The bodice features a sweetheart neckline with a central vertical seam that extends down the front, flanked by two angled seams converging at the waist, creating a corset-like silhouette. The front closure consists of five large, round, gold-toned buttons arranged vertically along the central seam. The sleeves are short and capped, with a slight flare at the hem, and are attached to the bodice with shoulder seams that extend from the neckline to the sleeve cap. The shoulder layout includes a square neckline with a straight upper edge, bordered by a narrow band of fabric that forms a slight V-shape at the center front. The waist transition is defined by a series of vertical seams that contour the torso, enhancing the fitted shape. The skirt is constructed from the same material as the bodice, with a smooth, continuous flow from the waist to the hem, which ends above the knee. The fabric exhibits a textured pattern resembling reptile skin, with visible grain lines running vertically along the bodice and skirt. The dress appears to be made from a structured, possibly leather-like material with a slight sheen. There are no visible boning, lining, or additional trims beyond the buttons and the subtle texture of the fabric.",dress,A young woman with dark long wavy hair and slim body build.,"TRYON A young woman with dark long wavy hair and slim body build. Replace the entire outfit completely with This garment is a fitted, short-sleeved dress with a structured bodice and a short skirt. The bodice features a sweetheart neckline with a central vertical seam that extends down the front, flanked by two angled seams converging at the waist, creating a corset-like silhouette. The front closure consists of five large, round, gold-toned buttons arranged vertically along the central seam. The sleeves are short and capped, with a slight flare at the hem, and are attached to the bodice with shoulder seams that extend from the neckline to the sleeve cap. The shoulder layout includes a square neckline with a straight upper edge, bordered by a narrow band of fabric that forms a slight V-shape at the center front. The waist transition is defined by a series of vertical seams that contour the torso, enhancing the fitted shape. The skirt is constructed from the same material as the bodice, with a smooth, continuous flow from the waist to the hem, which ends above the knee. The fabric exhibits a textured pattern resembling reptile skin, with visible grain lines running vertically along the bodice and skirt. The dress appears to be made from a structured, possibly leather-like material with a slight sheen. There are no visible boning, lining, or additional trims beyond the buttons and the subtle texture of the fabric. as shown in the reference image. Strictly keep the same face, body measurements, hair color, eye directions, exact foot wear, same accessories and preserve strict body pose. Preserve the exact subject scale and framing from the original image; do not zoom, crop, or change camera distance. Generate a hyper realistic virtual tryon. The final image is a full body shot.",success,,0.0,8.090920686721802,15.321183204650879
13,pexels-andrea-musto-135941147-23995927.jpg,https://glamifydevstorage.blob.core.windows.net/wardrobe-outputs/direct-user-inputs-20260408/ebe135f1-5d36-4729-8a37-44ea5d69ef6c.jpg,https://glamifydevstorage.blob.core.windows.net/wardrobe-outputs/13b38af1-8d1f-4486-be26-9e2053f7e788.png,https://glamifydevstorage.blob.core.windows.net/wardrobe-outputs/1e1009b9-21cf-42aa-8ec5-d65e65622acb.png,"This garment is a fitted, short-sleeved dress with a structured bodice and a short skirt. The bodice features a sweetheart neckline with a central vertical seam that extends down the front, flanked by two angled seams converging at the waist, creating a corset-like silhouette. The front closure consists of five large, round, gold-toned buttons arranged vertically along the central seam. The sleeves are short and capped, with a slight flare at the hem, and are attached to the bodice with shoulder seams that extend from the neckline to the sleeve cap. The shoulder layout includes a square neckline with a straight upper edge, bordered by a narrow band of fabric that forms a slight V-shape at the center front. The waist transition is defined by a series of vertical seams that contour the torso, enhancing the fitted shape. The skirt is constructed from the same material as the bodice, with a smooth, continuous flow from the waist to the hem, which ends above the knee. The fabric exhibits a textured pattern resembling reptile skin, with visible grain lines running vertically along the bodice and skirt. The dress appears to be made from a structured, possibly leather-like material with a slight sheen. There are no visible boning, lining, or additional trims beyond the buttons and the subtle texture of the fabric.",dress,A young woman with black long smooth hair and slim body build.,"TRYON A young woman with black long smooth hair and slim body build. Replace the entire outfit completely with This garment is a fitted, short-sleeved dress with a structured bodice and a short skirt. The bodice features a sweetheart neckline with a central vertical seam that extends down the front, flanked by two angled seams converging at the waist, creating a corset-like silhouette. The front closure consists of five large, round, gold-toned buttons arranged vertically along the central seam. The sleeves are short and capped, with a slight flare at the hem, and are attached to the bodice with shoulder seams that extend from the neckline to the sleeve cap. The shoulder layout includes a square neckline with a straight upper edge, bordered by a narrow band of fabric that forms a slight V-shape at the center front. The waist transition is defined by a series of vertical seams that contour the torso, enhancing the fitted shape. The skirt is constructed from the same material as the bodice, with a smooth, continuous flow from the waist to the hem, which ends above the knee. The fabric exhibits a textured pattern resembling reptile skin, with visible grain lines running vertically along the bodice and skirt. The dress appears to be made from a structured, possibly leather-like material with a slight sheen. There are no visible boning, lining, or additional trims beyond the buttons and the subtle texture of the fabric. as shown in the reference image. Strictly keep the same face, body measurements, hair color, eye directions, exact foot wear, same accessories and preserve strict body pose. Preserve the exact subject scale and framing from the original image; do not zoom, crop, or change camera distance. Generate a hyper realistic virtual tryon. The final image is a full body shot.",success,,0.0,8.0891752243042,12.618509769439697
14,pexels-angela-chacon-140940805-15536313.jpg,https://glamifydevstorage.blob.core.windows.net/wardrobe-outputs/direct-user-inputs-20260408/6f32170a-f790-4dbe-b3dc-4285918ec353.jpg,https://glamifydevstorage.blob.core.windows.net/wardrobe-outputs/e70dffab-ab6e-4100-badc-ad8f6ceb0c05.png,https://glamifydevstorage.blob.core.windows.net/wardrobe-outputs/1e1009b9-21cf-42aa-8ec5-d65e65622acb.png,"This garment is a fitted, short-sleeved dress with a structured bodice and a short skirt. The bodice features a sweetheart neckline with a central vertical seam that extends down the front, flanked by two angled seams converging at the waist, creating a corset-like silhouette. The front closure consists of five large, round, gold-toned buttons arranged vertically along the central seam. The sleeves are short and capped, with a slight flare at the hem, and are attached to the bodice with shoulder seams that extend from the neckline to the sleeve cap. The shoulder layout includes a square neckline with a straight upper edge, bordered by a narrow band of fabric that forms a slight V-shape at the center front. The waist transition is defined by a series of vertical seams that contour the torso, enhancing the fitted shape. The skirt is constructed from the same material as the bodice, with a smooth, continuous flow from the waist to the hem, which ends above the knee. The fabric exhibits a textured pattern resembling reptile skin, with visible grain lines running vertically along the bodice and skirt. The dress appears to be made from a structured, possibly leather-like material with a slight sheen. There are no visible boning, lining, or additional trims beyond the buttons and the subtle texture of the fabric.",dress,An adult woman with brown medium smooth hair and average body build.,"TRYON An adult woman with brown medium smooth hair and average body build. Replace the entire outfit completely with This garment is a fitted, short-sleeved dress with a structured bodice and a short skirt. The bodice features a sweetheart neckline with a central vertical seam that extends down the front, flanked by two angled seams converging at the waist, creating a corset-like silhouette. The front closure consists of five large, round, gold-toned buttons arranged vertically along the central seam. The sleeves are short and capped, with a slight flare at the hem, and are attached to the bodice with shoulder seams that extend from the neckline to the sleeve cap. The shoulder layout includes a square neckline with a straight upper edge, bordered by a narrow band of fabric that forms a slight V-shape at the center front. The waist transition is defined by a series of vertical seams that contour the torso, enhancing the fitted shape. The skirt is constructed from the same material as the bodice, with a smooth, continuous flow from the waist to the hem, which ends above the knee. The fabric exhibits a textured pattern resembling reptile skin, with visible grain lines running vertically along the bodice and skirt. The dress appears to be made from a structured, possibly leather-like material with a slight sheen. There are no visible boning, lining, or additional trims beyond the buttons and the subtle texture of the fabric. as shown in the reference image. Strictly keep the same face, body measurements, hair color, eye directions, exact foot wear, same accessories and preserve strict body pose. Preserve the exact subject scale and framing from the original image; do not zoom, crop, or change camera distance. Generate a hyper realistic virtual tryon. The final image is a full body shot.",success,,0.0,8.09208083152771,12.903351068496704
15,pexels-asio-9688592.jpg,https://glamifydevstorage.blob.core.windows.net/wardrobe-outputs/direct-user-inputs-20260408/1512dd8a-7af6-4913-b8aa-1f15bf1ca191.jpg,https://glamifydevstorage.blob.core.windows.net/wardrobe-outputs/b32d8cff-c7a6-40b3-ab6f-f58cf09fa267.png,https://glamifydevstorage.blob.core.windows.net/wardrobe-outputs/1e1009b9-21cf-42aa-8ec5-d65e65622acb.png,"This garment is a fitted, short-sleeved dress with a structured bodice and a short skirt. The bodice features a sweetheart neckline with a central vertical seam that extends down the front, flanked by two angled seams converging at the waist, creating a corset-like silhouette. The front closure consists of five large, round, gold-toned buttons arranged vertically along the central seam. The sleeves are short and capped, with a slight flare at the hem, and are attached to the bodice with shoulder seams that extend from the neckline to the sleeve cap. The shoulder layout includes a square neckline with a straight upper edge, bordered by a narrow band of fabric that forms a slight V-shape at the center front. The waist transition is defined by a series of vertical seams that contour the torso, enhancing the fitted shape. The skirt is constructed from the same material as the bodice, with a smooth, continuous flow from the waist to the hem, which ends above the knee. The fabric exhibits a textured pattern resembling reptile skin, with visible grain lines running vertically along the bodice and skirt. The dress appears to be made from a structured, possibly leather-like material with a slight sheen. There are no visible boning, lining, or additional trims beyond the buttons and the subtle texture of the fabric.",dress,A young woman with black long smooth hair and slim body build.,"TRYON A young woman with black long smooth hair and slim body build. Replace the entire outfit completely with This garment is a fitted, short-sleeved dress with a structured bodice and a short skirt. The bodice features a sweetheart neckline with a central vertical seam that extends down the front, flanked by two angled seams converging at the waist, creating a corset-like silhouette. The front closure consists of five large, round, gold-toned buttons arranged vertically along the central seam. The sleeves are short and capped, with a slight flare at the hem, and are attached to the bodice with shoulder seams that extend from the neckline to the sleeve cap. The shoulder layout includes a square neckline with a straight upper edge, bordered by a narrow band of fabric that forms a slight V-shape at the center front. The waist transition is defined by a series of vertical seams that contour the torso, enhancing the fitted shape. The skirt is constructed from the same material as the bodice, with a smooth, continuous flow from the waist to the hem, which ends above the knee. The fabric exhibits a textured pattern resembling reptile skin, with visible grain lines running vertically along the bodice and skirt. The dress appears to be made from a structured, possibly leather-like material with a slight sheen. There are no visible boning, lining, or additional trims beyond the buttons and the subtle texture of the fabric. as shown in the reference image. Strictly keep the same face, body measurements, hair color, eye directions, exact foot wear, same accessories and preserve strict body pose. Preserve the exact subject scale and framing from the original image; do not zoom, crop, or change camera distance. Generate a hyper realistic virtual tryon. The final image is a full body shot.",success,,0.0,8.10269284248352,13.22197937965393
16,pexels-bartosz-olzewski-298756944-13312741.jpg,https://glamifydevstorage.blob.core.windows.net/wardrobe-outputs/direct-user-inputs-20260408/95300061-6d95-4485-94b4-3652d1235333.jpg,https://glamifydevstorage.blob.core.windows.net/wardrobe-outputs/a77f998a-2143-4518-935b-9d873e4c4d29.png,https://glamifydevstorage.blob.core.windows.net/wardrobe-outputs/1e1009b9-21cf-42aa-8ec5-d65e65622acb.png,"This garment is a fitted, short-sleeved dress with a structured bodice and a short skirt. The bodice features a sweetheart neckline with a central vertical seam that extends down the front, flanked by two angled seams converging at the waist, creating a corset-like silhouette. The front closure consists of five large, round, gold-toned buttons arranged vertically along the central seam. The sleeves are short and capped, with a slight flare at the hem, and are attached to the bodice with shoulder seams that extend from the neckline to the sleeve cap. The shoulder layout includes a square neckline with a straight upper edge, bordered by a narrow band of fabric that forms a slight V-shape at the center front. The waist transition is defined by a series of vertical seams that contour the torso, enhancing the fitted shape. The skirt is constructed from the same material as the bodice, with a smooth, continuous flow from the waist to the hem, which ends above the knee. The fabric exhibits a textured pattern resembling reptile skin, with visible grain lines running vertically along the bodice and skirt. The dress appears to be made from a structured, possibly leather-like material with a slight sheen. There are no visible boning, lining, or additional trims beyond the buttons and the subtle texture of the fabric.",dress,A young woman with dark brown shoulder-length smooth hair and slim body build.,"TRYON A young woman with dark brown shoulder-length smooth hair and slim body build. Replace the entire outfit completely with This garment is a fitted, short-sleeved dress with a structured bodice and a short skirt. The bodice features a sweetheart neckline with a central vertical seam that extends down the front, flanked by two angled seams converging at the waist, creating a corset-like silhouette. The front closure consists of five large, round, gold-toned buttons arranged vertically along the central seam. The sleeves are short and capped, with a slight flare at the hem, and are attached to the bodice with shoulder seams that extend from the neckline to the sleeve cap. The shoulder layout includes a square neckline with a straight upper edge, bordered by a narrow band of fabric that forms a slight V-shape at the center front. The waist transition is defined by a series of vertical seams that contour the torso, enhancing the fitted shape. The skirt is constructed from the same material as the bodice, with a smooth, continuous flow from the waist to the hem, which ends above the knee. The fabric exhibits a textured pattern resembling reptile skin, with visible grain lines running vertically along the bodice and skirt. The dress appears to be made from a structured, possibly leather-like material with a slight sheen. There are no visible boning, lining, or additional trims beyond the buttons and the subtle texture of the fabric. as shown in the reference image. Strictly keep the same face, body measurements, hair color, eye directions, exact foot wear, same accessories and preserve strict body pose. Preserve the exact subject scale and framing from the original image; do not zoom, crop, or change camera distance. Generate a hyper realistic virtual tryon. The final image is a full body shot.",success,,0.0,8.684860944747925,14.15945029258728
17,pexels-bgcortez-17834302.jpg,https://glamifydevstorage.blob.core.windows.net/wardrobe-outputs/direct-user-inputs-20260408/7e172718-b56f-401d-8974-16d656e87d04.jpg,https://glamifydevstorage.blob.core.windows.net/wardrobe-outputs/0f722fa6-6304-4cfb-87c5-db5ecce180f3.png,https://glamifydevstorage.blob.core.windows.net/wardrobe-outputs/1e1009b9-21cf-42aa-8ec5-d65e65622acb.png,"This garment is a fitted, short-sleeved dress with a structured bodice and a short skirt. The bodice features a sweetheart neckline with a central vertical seam that extends down the front, flanked by two angled seams converging at the waist, creating a corset-like silhouette. The front closure consists of five large, round, gold-toned buttons arranged vertically along the central seam. The sleeves are short and capped, with a slight flare at the hem, and are attached to the bodice with shoulder seams that extend from the neckline to the sleeve cap. The shoulder layout includes a square neckline with a straight upper edge, bordered by a narrow band of fabric that forms a slight V-shape at the center front. The waist transition is defined by a series of vertical seams that contour the torso, enhancing the fitted shape. The skirt is constructed from the same material as the bodice, with a smooth, continuous flow from the waist to the hem, which ends above the knee. The fabric exhibits a textured pattern resembling reptile skin, with visible grain lines running vertically along the bodice and skirt. The dress appears to be made from a structured, possibly leather-like material with a slight sheen. There are no visible boning, lining, or additional trims beyond the buttons and the subtle texture of the fabric.",dress,A young woman with blonde long ponytail hair and slim body build.,"TRYON A young woman with blonde long ponytail hair and slim body build. Replace the entire outfit completely with This garment is a fitted, short-sleeved dress with a structured bodice and a short skirt. The bodice features a sweetheart neckline with a central vertical seam that extends down the front, flanked by two angled seams converging at the waist, creating a corset-like silhouette. The front closure consists of five large, round, gold-toned buttons arranged vertically along the central seam. The sleeves are short and capped, with a slight flare at the hem, and are attached to the bodice with shoulder seams that extend from the neckline to the sleeve cap. The shoulder layout includes a square neckline with a straight upper edge, bordered by a narrow band of fabric that forms a slight V-shape at the center front. The waist transition is defined by a series of vertical seams that contour the torso, enhancing the fitted shape. The skirt is constructed from the same material as the bodice, with a smooth, continuous flow from the waist to the hem, which ends above the knee. The fabric exhibits a textured pattern resembling reptile skin, with visible grain lines running vertically along the bodice and skirt. The dress appears to be made from a structured, possibly leather-like material with a slight sheen. There are no visible boning, lining, or additional trims beyond the buttons and the subtle texture of the fabric. as shown in the reference image. Strictly keep the same face, body measurements, hair color, eye directions, exact foot wear, same accessories and preserve strict body pose. Preserve the exact subject scale and framing from the original image; do not zoom, crop, or change camera distance. Generate a hyper realistic virtual tryon. The final image is a full body shot.",success,,0.0,8.090466260910034,13.316214084625244
18,pexels-breno-cardoso-149064345-13684160.jpg,https://glamifydevstorage.blob.core.windows.net/wardrobe-outputs/direct-user-inputs-20260408/13f060c3-4a78-4868-a06d-77b5cf553cbe.jpg,https://glamifydevstorage.blob.core.windows.net/wardrobe-outputs/5c1da79b-81f5-4def-a4b6-083775800ae6.png,https://glamifydevstorage.blob.core.windows.net/wardrobe-outputs/1e1009b9-21cf-42aa-8ec5-d65e65622acb.png,"This garment is a fitted, short-sleeved dress with a structured bodice and a short skirt. The bodice features a sweetheart neckline with a central vertical seam that extends down the front, flanked by two angled seams converging at the waist, creating a corset-like silhouette. The front closure consists of five large, round, gold-toned buttons arranged vertically along the central seam. The sleeves are short and capped, with a slight flare at the hem, and are attached to the bodice with shoulder seams that extend from the neckline to the sleeve cap. The shoulder layout includes a square neckline with a straight upper edge, bordered by a narrow band of fabric that forms a slight V-shape at the center front. The waist transition is defined by a series of vertical seams that contour the torso, enhancing the fitted shape. The skirt is constructed from the same material as the bodice, with a smooth, continuous flow from the waist to the hem, which ends above the knee. The fabric exhibits a textured pattern resembling reptile skin, with visible grain lines running vertically along the bodice and skirt. The dress appears to be made from a structured, possibly leather-like material with a slight sheen. There are no visible boning, lining, or additional trims beyond the buttons and the subtle texture of the fabric.",dress,A young woman with blonde long wavy hair and slim body build.,"TRYON A young woman with blonde long wavy hair and slim body build. Replace the entire outfit completely with This garment is a fitted, short-sleeved dress with a structured bodice and a short skirt. The bodice features a sweetheart neckline with a central vertical seam that extends down the front, flanked by two angled seams converging at the waist, creating a corset-like silhouette. The front closure consists of five large, round, gold-toned buttons arranged vertically along the central seam. The sleeves are short and capped, with a slight flare at the hem, and are attached to the bodice with shoulder seams that extend from the neckline to the sleeve cap. The shoulder layout includes a square neckline with a straight upper edge, bordered by a narrow band of fabric that forms a slight V-shape at the center front. The waist transition is defined by a series of vertical seams that contour the torso, enhancing the fitted shape. The skirt is constructed from the same material as the bodice, with a smooth, continuous flow from the waist to the hem, which ends above the knee. The fabric exhibits a textured pattern resembling reptile skin, with visible grain lines running vertically along the bodice and skirt. The dress appears to be made from a structured, possibly leather-like material with a slight sheen. There are no visible boning, lining, or additional trims beyond the buttons and the subtle texture of the fabric. as shown in the reference image. Strictly keep the same face, body measurements, hair color, eye directions, exact foot wear, same accessories and preserve strict body pose. Preserve the exact subject scale and framing from the original image; do not zoom, crop, or change camera distance. Generate a hyper realistic virtual tryon. The final image is a full body shot.",success,,0.0,8.09522795677185,13.048322439193726
19,pexels-breno-cardoso-149064345-15728306.jpg,https://glamifydevstorage.blob.core.windows.net/wardrobe-outputs/direct-user-inputs-20260408/944fb02a-960b-4964-b122-60d446478044.jpg,https://glamifydevstorage.blob.core.windows.net/wardrobe-outputs/b5043c09-3f81-46f1-86e0-56d7a860b3c6.png,https://glamifydevstorage.blob.core.windows.net/wardrobe-outputs/1e1009b9-21cf-42aa-8ec5-d65e65622acb.png,"This garment is a fitted, short-sleeved dress with a structured bodice and a short skirt. The bodice features a sweetheart neckline with a central vertical seam that extends down the front, flanked by two angled seams converging at the waist, creating a corset-like silhouette. The front closure consists of five large, round, gold-toned buttons arranged vertically along the central seam. The sleeves are short and capped, with a slight flare at the hem, and are attached to the bodice with shoulder seams that extend from the neckline to the sleeve cap. The shoulder layout includes a square neckline with a straight upper edge, bordered by a narrow band of fabric that forms a slight V-shape at the center front. The waist transition is defined by a series of vertical seams that contour the torso, enhancing the fitted shape. The skirt is constructed from the same material as the bodice, with a smooth, continuous flow from the waist to the hem, which ends above the knee. The fabric exhibits a textured pattern resembling reptile skin, with visible grain lines running vertically along the bodice and skirt. The dress appears to be made from a structured, possibly leather-like material with a slight sheen. There are no visible boning, lining, or additional trims beyond the buttons and the subtle texture of the fabric.",dress,A young woman with black long smooth hair and slim body build.,"TRYON A young woman with black long smooth hair and slim body build. Replace the entire outfit completely with This garment is a fitted, short-sleeved dress with a structured bodice and a short skirt. The bodice features a sweetheart neckline with a central vertical seam that extends down the front, flanked by two angled seams converging at the waist, creating a corset-like silhouette. The front closure consists of five large, round, gold-toned buttons arranged vertically along the central seam. The sleeves are short and capped, with a slight flare at the hem, and are attached to the bodice with shoulder seams that extend from the neckline to the sleeve cap. The shoulder layout includes a square neckline with a straight upper edge, bordered by a narrow band of fabric that forms a slight V-shape at the center front. The waist transition is defined by a series of vertical seams that contour the torso, enhancing the fitted shape. The skirt is constructed from the same material as the bodice, with a smooth, continuous flow from the waist to the hem, which ends above the knee. The fabric exhibits a textured pattern resembling reptile skin, with visible grain lines running vertically along the bodice and skirt. The dress appears to be made from a structured, possibly leather-like material with a slight sheen. There are no visible boning, lining, or additional trims beyond the buttons and the subtle texture of the fabric. as shown in the reference image. Strictly keep the same face, body measurements, hair color, eye directions, exact foot wear, same accessories and preserve strict body pose. Preserve the exact subject scale and framing from the original image; do not zoom, crop, or change camera distance. Generate a hyper realistic virtual tryon. The final image is a full body shot.",success,,0.0,8.103768348693848,13.462238311767578
20,pexels-breno-cardoso-149064345-17110661.jpg,https://glamifydevstorage.blob.core.windows.net/wardrobe-outputs/direct-user-inputs-20260408/74492634-0646-441c-929b-96f9503d47cb.jpg,https://glamifydevstorage.blob.core.windows.net/wardrobe-outputs/7c915921-fdc2-4d70-8feb-04d55eec7611.png,https://glamifydevstorage.blob.core.windows.net/wardrobe-outputs/1e1009b9-21cf-42aa-8ec5-d65e65622acb.png,"This garment is a fitted, short-sleeved dress with a structured bodice and a short skirt. The bodice features a sweetheart neckline with a central vertical seam that extends down the front, flanked by two angled seams converging at the waist, creating a corset-like silhouette. The front closure consists of five large, round, gold-toned buttons arranged vertically along the central seam. The sleeves are short and capped, with a slight flare at the hem, and are attached to the bodice with shoulder seams that extend from the neckline to the sleeve cap. The shoulder layout includes a square neckline with a straight upper edge, bordered by a narrow band of fabric that forms a slight V-shape at the center front. The waist transition is defined by a series of vertical seams that contour the torso, enhancing the fitted shape. The skirt is constructed from the same material as the bodice, with a smooth, continuous flow from the waist to the hem, which ends above the knee. The fabric exhibits a textured pattern resembling reptile skin, with visible grain lines running vertically along the bodice and skirt. The dress appears to be made from a structured, possibly leather-like material with a slight sheen. There are no visible boning, lining, or additional trims beyond the buttons and the subtle texture of the fabric.",dress,A young girl with brown long wavy hair and slim body build.,"TRYON A young girl with brown long wavy hair and slim body build. Replace the entire outfit completely with This garment is a fitted, short-sleeved dress with a structured bodice and a short skirt. The bodice features a sweetheart neckline with a central vertical seam that extends down the front, flanked by two angled seams converging at the waist, creating a corset-like silhouette. The front closure consists of five large, round, gold-toned buttons arranged vertically along the central seam. The sleeves are short and capped, with a slight flare at the hem, and are attached to the bodice with shoulder seams that extend from the neckline to the sleeve cap. The shoulder layout includes a square neckline with a straight upper edge, bordered by a narrow band of fabric that forms a slight V-shape at the center front. The waist transition is defined by a series of vertical seams that contour the torso, enhancing the fitted shape. The skirt is constructed from the same material as the bodice, with a smooth, continuous flow from the waist to the hem, which ends above the knee. The fabric exhibits a textured pattern resembling reptile skin, with visible grain lines running vertically along the bodice and skirt. The dress appears to be made from a structured, possibly leather-like material with a slight sheen. There are no visible boning, lining, or additional trims beyond the buttons and the subtle texture of the fabric. as shown in the reference image. Strictly keep the same face, body measurements, hair color, eye directions, exact foot wear, same accessories and preserve strict body pose. Preserve the exact subject scale and framing from the original image; do not zoom, crop, or change camera distance. Generate a hyper realistic virtual tryon. The final image is a full body shot.",success,,0.0,8.092896938323975,12.743535041809082
21,pexels-bruno-arbigaus-gritten-2155171268-34216114.jpg,https://glamifydevstorage.blob.core.windows.net/wardrobe-outputs/direct-user-inputs-20260408/c4703386-ea48-4d5e-bedc-1dfd0cd09f26.jpg,https://glamifydevstorage.blob.core.windows.net/wardrobe-outputs/a765bd53-7f94-4bab-b687-65b441861163.png,https://glamifydevstorage.blob.core.windows.net/wardrobe-outputs/1e1009b9-21cf-42aa-8ec5-d65e65622acb.png,"This garment is a fitted, short-sleeved dress with a structured bodice and a short skirt. The bodice features a sweetheart neckline with a central vertical seam that extends down the front, flanked by two angled seams converging at the waist, creating a corset-like silhouette. The front closure consists of five large, round, gold-toned buttons arranged vertically along the central seam. The sleeves are short and capped, with a slight flare at the hem, and are attached to the bodice with shoulder seams that extend from the neckline to the sleeve cap. The shoulder layout includes a square neckline with a straight upper edge, bordered by a narrow band of fabric that forms a slight V-shape at the center front. The waist transition is defined by a series of vertical seams that contour the torso, enhancing the fitted shape. The skirt is constructed from the same material as the bodice, with a smooth, continuous flow from the waist to the hem, which ends above the knee. The fabric exhibits a textured pattern resembling reptile skin, with visible grain lines running vertically along the bodice and skirt. The dress appears to be made from a structured, possibly leather-like material with a slight sheen. There are no visible boning, lining, or additional trims beyond the buttons and the subtle texture of the fabric.",dress,A young girl with brown long smooth hair and slim body build.,"TRYON A young girl with brown long smooth hair and slim body build. Replace the entire outfit completely with This garment is a fitted, short-sleeved dress with a structured bodice and a short skirt. The bodice features a sweetheart neckline with a central vertical seam that extends down the front, flanked by two angled seams converging at the waist, creating a corset-like silhouette. The front closure consists of five large, round, gold-toned buttons arranged vertically along the central seam. The sleeves are short and capped, with a slight flare at the hem, and are attached to the bodice with shoulder seams that extend from the neckline to the sleeve cap. The shoulder layout includes a square neckline with a straight upper edge, bordered by a narrow band of fabric that forms a slight V-shape at the center front. The waist transition is defined by a series of vertical seams that contour the torso, enhancing the fitted shape. The skirt is constructed from the same material as the bodice, with a smooth, continuous flow from the waist to the hem, which ends above the knee. The fabric exhibits a textured pattern resembling reptile skin, with visible grain lines running vertically along the bodice and skirt. The dress appears to be made from a structured, possibly leather-like material with a slight sheen. There are no visible boning, lining, or additional trims beyond the buttons and the subtle texture of the fabric. as shown in the reference image. Strictly keep the same face, body measurements, hair color, eye directions, exact foot wear, same accessories and preserve strict body pose. Preserve the exact subject scale and framing from the original image; do not zoom, crop, or change camera distance. Generate a hyper realistic virtual tryon. The final image is a full body shot.",success,,0.0,8.099958181381226,13.032323598861694
22,pexels-caio-mantovani-97605853-13919886.jpg,https://glamifydevstorage.blob.core.windows.net/wardrobe-outputs/direct-user-inputs-20260408/651ea8f3-2ca1-4aa2-92d9-617cfa8ee369.jpg,https://glamifydevstorage.blob.core.windows.net/wardrobe-outputs/740021c2-6a09-45d6-a486-4dde8877dc84.png,https://glamifydevstorage.blob.core.windows.net/wardrobe-outputs/1e1009b9-21cf-42aa-8ec5-d65e65622acb.png,"This garment is a fitted, short-sleeved dress with a structured bodice and a short skirt. The bodice features a sweetheart neckline with a central vertical seam that extends down the front, flanked by two angled seams converging at the waist, creating a corset-like silhouette. The front closure consists of five large, round, gold-toned buttons arranged vertically along the central seam. The sleeves are short and capped, with a slight flare at the hem, and are attached to the bodice with shoulder seams that extend from the neckline to the sleeve cap. The shoulder layout includes a square neckline with a straight upper edge, bordered by a narrow band of fabric that forms a slight V-shape at the center front. The waist transition is defined by a series of vertical seams that contour the torso, enhancing the fitted shape. The skirt is constructed from the same material as the bodice, with a smooth, continuous flow from the waist to the hem, which ends above the knee. The fabric exhibits a textured pattern resembling reptile skin, with visible grain lines running vertically along the bodice and skirt. The dress appears to be made from a structured, possibly leather-like material with a slight sheen. There are no visible boning, lining, or additional trims beyond the buttons and the subtle texture of the fabric.",dress,A young girl with brown long smooth hair and slim body build.,"TRYON A young girl with brown long smooth hair and slim body build. Replace the entire outfit completely with This garment is a fitted, short-sleeved dress with a structured bodice and a short skirt. The bodice features a sweetheart neckline with a central vertical seam that extends down the front, flanked by two angled seams converging at the waist, creating a corset-like silhouette. The front closure consists of five large, round, gold-toned buttons arranged vertically along the central seam. The sleeves are short and capped, with a slight flare at the hem, and are attached to the bodice with shoulder seams that extend from the neckline to the sleeve cap. The shoulder layout includes a square neckline with a straight upper edge, bordered by a narrow band of fabric that forms a slight V-shape at the center front. The waist transition is defined by a series of vertical seams that contour the torso, enhancing the fitted shape. The skirt is constructed from the same material as the bodice, with a smooth, continuous flow from the waist to the hem, which ends above the knee. The fabric exhibits a textured pattern resembling reptile skin, with visible grain lines running vertically along the bodice and skirt. The dress appears to be made from a structured, possibly leather-like material with a slight sheen. There are no visible boning, lining, or additional trims beyond the buttons and the subtle texture of the fabric. as shown in the reference image. Strictly keep the same face, body measurements, hair color, eye directions, exact foot wear, same accessories and preserve strict body pose. Preserve the exact subject scale and framing from the original image; do not zoom, crop, or change camera distance. Generate a hyper realistic virtual tryon. The final image is a full body shot.",success,,0.0,8.091846942901611,13.359653234481812
23,pexels-caio-mantovani-97605853-14097802.jpg,https://glamifydevstorage.blob.core.windows.net/wardrobe-outputs/direct-user-inputs-20260408/302b63ee-beac-4255-b1a1-df61b0394c36.jpg,https://glamifydevstorage.blob.core.windows.net/wardrobe-outputs/9b4c9e4d-345a-4b19-b13a-233dd5ac4ac8.png,https://glamifydevstorage.blob.core.windows.net/wardrobe-outputs/1e1009b9-21cf-42aa-8ec5-d65e65622acb.png,"This garment is a fitted, short-sleeved dress with a structured bodice and a short skirt. The bodice features a sweetheart neckline with a central vertical seam that extends down the front, flanked by two angled seams converging at the waist, creating a corset-like silhouette. The front closure consists of five large, round, gold-toned buttons arranged vertically along the central seam. The sleeves are short and capped, with a slight flare at the hem, and are attached to the bodice with shoulder seams that extend from the neckline to the sleeve cap. The shoulder layout includes a square neckline with a straight upper edge, bordered by a narrow band of fabric that forms a slight V-shape at the center front. The waist transition is defined by a series of vertical seams that contour the torso, enhancing the fitted shape. The skirt is constructed from the same material as the bodice, with a smooth, continuous flow from the waist to the hem, which ends above the knee. The fabric exhibits a textured pattern resembling reptile skin, with visible grain lines running vertically along the bodice and skirt. The dress appears to be made from a structured, possibly leather-like material with a slight sheen. There are no visible boning, lining, or additional trims beyond the buttons and the subtle texture of the fabric.",dress,A young woman with multi-tone shoulder-length smooth hair and average body build.,"TRYON A young woman with multi-tone shoulder-length smooth hair and average body build. Replace the entire outfit completely with This garment is a fitted, short-sleeved dress with a structured bodice and a short skirt. The bodice features a sweetheart neckline with a central vertical seam that extends down the front, flanked by two angled seams converging at the waist, creating a corset-like silhouette. The front closure consists of five large, round, gold-toned buttons arranged vertically along the central seam. The sleeves are short and capped, with a slight flare at the hem, and are attached to the bodice with shoulder seams that extend from the neckline to the sleeve cap. The shoulder layout includes a square neckline with a straight upper edge, bordered by a narrow band of fabric that forms a slight V-shape at the center front. The waist transition is defined by a series of vertical seams that contour the torso, enhancing the fitted shape. The skirt is constructed from the same material as the bodice, with a smooth, continuous flow from the waist to the hem, which ends above the knee. The fabric exhibits a textured pattern resembling reptile skin, with visible grain lines running vertically along the bodice and skirt. The dress appears to be made from a structured, possibly leather-like material with a slight sheen. There are no visible boning, lining, or additional trims beyond the buttons and the subtle texture of the fabric. as shown in the reference image. Strictly keep the same face, body measurements, hair color, eye directions, exact foot wear, same accessories and preserve strict body pose. Preserve the exact subject scale and framing from the original image; do not zoom, crop, or change camera distance. Generate a hyper realistic virtual tryon. The final image is a full body shot.",success,,0.0,8.090483903884888,13.067084312438965
24,pexels-carolina-101603542-9412244.jpg,https://glamifydevstorage.blob.core.windows.net/wardrobe-outputs/direct-user-inputs-20260408/cc83fccd-058b-4bcb-86b1-0ec74a81a455.jpg,https://glamifydevstorage.blob.core.windows.net/wardrobe-outputs/b6ff46fa-8be2-43fc-82f8-65f3fef64461.png,https://glamifydevstorage.blob.core.windows.net/wardrobe-outputs/1e1009b9-21cf-42aa-8ec5-d65e65622acb.png,"This garment is a fitted, short-sleeved dress with a structured bodice and a short skirt. The bodice features a sweetheart neckline with a central vertical seam that extends down the front, flanked by two angled seams converging at the waist, creating a corset-like silhouette. The front closure consists of five large, round, gold-toned buttons arranged vertically along the central seam. The sleeves are short and capped, with a slight flare at the hem, and are attached to the bodice with shoulder seams that extend from the neckline to the sleeve cap. The shoulder layout includes a square neckline with a straight upper edge, bordered by a narrow band of fabric that forms a slight V-shape at the center front. The waist transition is defined by a series of vertical seams that contour the torso, enhancing the fitted shape. The skirt is constructed from the same material as the bodice, with a smooth, continuous flow from the waist to the hem, which ends above the knee. The fabric exhibits a textured pattern resembling reptile skin, with visible grain lines running vertically along the bodice and skirt. The dress appears to be made from a structured, possibly leather-like material with a slight sheen. There are no visible boning, lining, or additional trims beyond the buttons and the subtle texture of the fabric.",dress,A young girl with brown long smooth hair and slim body build.,"TRYON A young girl with brown long smooth hair and slim body build. Replace the entire outfit completely with This garment is a fitted, short-sleeved dress with a structured bodice and a short skirt. The bodice features a sweetheart neckline with a central vertical seam that extends down the front, flanked by two angled seams converging at the waist, creating a corset-like silhouette. The front closure consists of five large, round, gold-toned buttons arranged vertically along the central seam. The sleeves are short and capped, with a slight flare at the hem, and are attached to the bodice with shoulder seams that extend from the neckline to the sleeve cap. The shoulder layout includes a square neckline with a straight upper edge, bordered by a narrow band of fabric that forms a slight V-shape at the center front. The waist transition is defined by a series of vertical seams that contour the torso, enhancing the fitted shape. The skirt is constructed from the same material as the bodice, with a smooth, continuous flow from the waist to the hem, which ends above the knee. The fabric exhibits a textured pattern resembling reptile skin, with visible grain lines running vertically along the bodice and skirt. The dress appears to be made from a structured, possibly leather-like material with a slight sheen. There are no visible boning, lining, or additional trims beyond the buttons and the subtle texture of the fabric. as shown in the reference image. Strictly keep the same face, body measurements, hair color, eye directions, exact foot wear, same accessories and preserve strict body pose. Preserve the exact subject scale and framing from the original image; do not zoom, crop, or change camera distance. Generate a hyper realistic virtual tryon. The final image is a full body shot.",success,,0.0,8.090242862701416,13.450240135192871
25,pexels-cesar-o-neill-26650613-33463134.jpg,https://glamifydevstorage.blob.core.windows.net/wardrobe-outputs/direct-user-inputs-20260408/2a465932-9bb9-43f3-b009-b00936c37b74.jpg,https://glamifydevstorage.blob.core.windows.net/wardrobe-outputs/36bb9c62-f1ce-4e6f-b0f5-e80362d72e10.png,https://glamifydevstorage.blob.core.windows.net/wardrobe-outputs/1e1009b9-21cf-42aa-8ec5-d65e65622acb.png,"This garment is a fitted, short-sleeved dress with a structured bodice and a short skirt. The bodice features a sweetheart neckline with a central vertical seam that extends down the front, flanked by two angled seams converging at the waist, creating a corset-like silhouette. The front closure consists of five large, round, gold-toned buttons arranged vertically along the central seam. The sleeves are short and capped, with a slight flare at the hem, and are attached to the bodice with shoulder seams that extend from the neckline to the sleeve cap. The shoulder layout includes a square neckline with a straight upper edge, bordered by a narrow band of fabric that forms a slight V-shape at the center front. The waist transition is defined by a series of vertical seams that contour the torso, enhancing the fitted shape. The skirt is constructed from the same material as the bodice, with a smooth, continuous flow from the waist to the hem, which ends above the knee. The fabric exhibits a textured pattern resembling reptile skin, with visible grain lines running vertically along the bodice and skirt. The dress appears to be made from a structured, possibly leather-like material with a slight sheen. There are no visible boning, lining, or additional trims beyond the buttons and the subtle texture of the fabric.",dress,A young woman with blonde long wavy hair and average body build.,"TRYON A young woman with blonde long wavy hair and average body build. Replace the entire outfit completely with This garment is a fitted, short-sleeved dress with a structured bodice and a short skirt. The bodice features a sweetheart neckline with a central vertical seam that extends down the front, flanked by two angled seams converging at the waist, creating a corset-like silhouette. The front closure consists of five large, round, gold-toned buttons arranged vertically along the central seam. The sleeves are short and capped, with a slight flare at the hem, and are attached to the bodice with shoulder seams that extend from the neckline to the sleeve cap. The shoulder layout includes a square neckline with a straight upper edge, bordered by a narrow band of fabric that forms a slight V-shape at the center front. The waist transition is defined by a series of vertical seams that contour the torso, enhancing the fitted shape. The skirt is constructed from the same material as the bodice, with a smooth, continuous flow from the waist to the hem, which ends above the knee. The fabric exhibits a textured pattern resembling reptile skin, with visible grain lines running vertically along the bodice and skirt. The dress appears to be made from a structured, possibly leather-like material with a slight sheen. There are no visible boning, lining, or additional trims beyond the buttons and the subtle texture of the fabric. as shown in the reference image. Strictly keep the same face, body measurements, hair color, eye directions, exact foot wear, same accessories and preserve strict body pose. Preserve the exact subject scale and framing from the original image; do not zoom, crop, or change camera distance. Generate a hyper realistic virtual tryon. The final image is a full body shot.",success,,0.0,8.091640710830688,18.51655650138855
26,pexels-cesar-o-neill-26650613-33800253.jpg,https://glamifydevstorage.blob.core.windows.net/wardrobe-outputs/direct-user-inputs-20260408/1cac9bd3-6cb2-499d-b8a7-34554e00fefb.jpg,https://glamifydevstorage.blob.core.windows.net/wardrobe-outputs/bc716793-7d24-46ae-a321-9ed47ca4e7e5.png,https://glamifydevstorage.blob.core.windows.net/wardrobe-outputs/1e1009b9-21cf-42aa-8ec5-d65e65622acb.png,"This garment is a fitted, short-sleeved dress with a structured bodice and a short skirt. The bodice features a sweetheart neckline with a central vertical seam that extends down the front, flanked by two angled seams converging at the waist, creating a corset-like silhouette. The front closure consists of five large, round, gold-toned buttons arranged vertically along the central seam. The sleeves are short and capped, with a slight flare at the hem, and are attached to the bodice with shoulder seams that extend from the neckline to the sleeve cap. The shoulder layout includes a square neckline with a straight upper edge, bordered by a narrow band of fabric that forms a slight V-shape at the center front. The waist transition is defined by a series of vertical seams that contour the torso, enhancing the fitted shape. The skirt is constructed from the same material as the bodice, with a smooth, continuous flow from the waist to the hem, which ends above the knee. The fabric exhibits a textured pattern resembling reptile skin, with visible grain lines running vertically along the bodice and skirt. The dress appears to be made from a structured, possibly leather-like material with a slight sheen. There are no visible boning, lining, or additional trims beyond the buttons and the subtle texture of the fabric.",dress,A young woman with brown medium wavy hair and slim body build.,"TRYON A young woman with brown medium wavy hair and slim body build. Replace the entire outfit completely with This garment is a fitted, short-sleeved dress with a structured bodice and a short skirt. The bodice features a sweetheart neckline with a central vertical seam that extends down the front, flanked by two angled seams converging at the waist, creating a corset-like silhouette. The front closure consists of five large, round, gold-toned buttons arranged vertically along the central seam. The sleeves are short and capped, with a slight flare at the hem, and are attached to the bodice with shoulder seams that extend from the neckline to the sleeve cap. The shoulder layout includes a square neckline with a straight upper edge, bordered by a narrow band of fabric that forms a slight V-shape at the center front. The waist transition is defined by a series of vertical seams that contour the torso, enhancing the fitted shape. The skirt is constructed from the same material as the bodice, with a smooth, continuous flow from the waist to the hem, which ends above the knee. The fabric exhibits a textured pattern resembling reptile skin, with visible grain lines running vertically along the bodice and skirt. The dress appears to be made from a structured, possibly leather-like material with a slight sheen. There are no visible boning, lining, or additional trims beyond the buttons and the subtle texture of the fabric. as shown in the reference image. Strictly keep the same face, body measurements, hair color, eye directions, exact foot wear, same accessories and preserve strict body pose. Preserve the exact subject scale and framing from the original image; do not zoom, crop, or change camera distance. Generate a hyper realistic virtual tryon. The final image is a full body shot.",success,,0.0,8.087528467178345,14.532474279403687
